Material ID,Material Name,Material Category,Unit
94,Same,Color Pigment,ml
29,Add,Color Pigment,kg
12,I,Color Pigment,mg
33,Section,Emulsifier,ml
22,Mr,Essential Oil,oz
42,Degree,Preservative,ml
54,Nation,Color Pigment,ml
98,Positive,Fragrance,oz
63,Above,Preservative,oz
46,Music,Preservative,kg
86,On,Fragrance,kg
66,Rather,Emulsifier,pieces
71,Itself,Essential Oil,kg
51,May,Emulsifier,pieces
95,Will,Fragrance,oz
56,Wish,Fragrance,ml
82,But,Fragrance,kg
62,Late,Color Pigment,g
36,Stock,Fragrance,oz
73,Former,Color Pigment,pieces
64,Baby,Fragrance,oz
39,Word,Preservative,kg
91,Drive,Color Pigment,pieces
14,Officer,Fragrance,pieces
34,Somebody,Essential Oil,pieces
65,See,Preservative,g
80,Police,Fragrance,oz
20,Toward,Preservative,g
100,Everything,Fragrance,l
5,At,Color Pigment,ml
70,Blue,Fragrance,g
21,Finish,Color Pigment,g
50,Somebody,Essential Oil,l
81,Research,Fragrance,oz
77,Conference,Color Pigment,pieces
75,Nothing,Preservative,kg
47,Particular,Fragrance,kg
48,Mission,Emulsifier,l
61,Simply,Emulsifier,mg
40,Show,Preservative,g
30,Budget,Color Pigment,kg
2,Measure,Preservative,ml
76,Truth,Color Pigment,pieces
52,Beautiful,Preservative,ml
45,West,Fragrance,l
53,Usually,Color Pigment,kg
44,Bill,Emulsifier,l
67,Daughter,Color Pigment,pieces
1,Positive,Preservative,kg
18,Bring,Preservative,ml
32,Both,Preservative,mg
35,Wear,Color Pigment,ml
15,Game,Emulsifier,mg
37,Thousand,Preservative,l
93,Paper,Emulsifier,oz
49,Report,Preservative,mg
13,Medical,Fragrance,l
28,Popular,Preservative,mg
60,Begin,Fragrance,l
6,Although,Emulsifier,mg
69,End,Color Pigment,kg
57,Relationship,Fragrance,oz
89,Apply,Essential Oil,ml
11,Public,Essential Oil,kg
24,Bag,Emulsifier,kg
9,Picture,Preservative,pieces
74,Teacher,Emulsifier,g
43,Dinner,Essential Oil,pieces
31,Area,Color Pigment,g
97,Fast,Emulsifier,ml
23,Break,Essential Oil,pieces
7,Security,Fragrance,g
99,Task,Color Pigment,mg
84,People,Color Pigment,oz
83,Loss,Emulsifier,ml
87,Middle,Essential Oil,oz
59,Pay,Color Pigment,oz
88,Language,Emulsifier,mg
38,Save,Color Pigment,g
8,Full,Emulsifier,oz
90,Easy,Emulsifier,l
3,Data,Essential Oil,mg
19,Order,Emulsifier,pieces
55,Technology,Preservative,oz
4,List,Color Pigment,mg
17,Offer,Preservative,mg
16,Bill,Fragrance,ml
72,Outside,Color Pigment,kg
26,Final,Color Pigment,l
68,Yard,Emulsifier,l
96,My,Color Pigment,ml
85,Senior,Emulsifier,mg
58,Even,Fragrance,kg
79,Then,Essential Oil,g
41,Yourself,Emulsifier,ml
25,Bank,Preservative,g
78,Want,Essential Oil,oz
10,Action,Fragrance,ml
27,Official,Preservative,mg
92,Religious,Color Pigment,pieces
60,Add,Emulsifier,g
188,Officer,Color Pigment,ml
74,Stock,Essential Oil,kg
69,Above,Preservative,pieces
199,Positive,Essential Oil,mg
40,Stock,Emulsifier,ml
8,Section,Preservative,kg
18,Beautiful,Color Pigment,kg
136,Conference,Emulsifier,l
97,Beautiful,Fragrance,kg
145,Stock,Preservative,l
145,Beautiful,Essential Oil,ml
54,Section,Fragrance,kg
57,Stock,Preservative,oz
73,Drive,Emulsifier,kg
138,Late,Preservative,g
26,Officer,Preservative,pieces
119,Wish,Fragrance,pieces
112,Music,Emulsifier,pieces
157,Stock,Fragrance,l
106,Baby,Essential Oil,l
83,Wish,Preservative,mg
57,Baby,Color Pigment,mg
93,Drive,Preservative,mg
195,Add,Preservative,ml
39,Add,Emulsifier,pieces
37,Music,Preservative,g
39,Drive,Essential Oil,ml
93,Late,Essential Oil,g
141,Word,Color Pigment,mg
118,Wish,Emulsifier,g
48,Same,Fragrance,l
180,Word,Essential Oil,oz
146,Same,Preservative,ml
182,Positive,Preservative,oz
180,Beautiful,Emulsifier,kg
55,Music,Color Pigment,kg
138,Degree,Fragrance,g
6,Beautiful,Essential Oil,l
110,Beautiful,Color Pigment,l
175,Beautiful,Emulsifier,pieces
50,Degree,Fragrance,pieces
100,Conference,Emulsifier,l
147,Officer,Preservative,l
154,Stock,Emulsifier,kg
87,Wish,Essential Oil,pieces
93,Above,Color Pigment,ml
146,Conference,Preservative,kg
170,Degree,Color Pigment,pieces
119,Baby,Essential Oil,mg
60,Nation,Preservative,kg
65,Same,Essential Oil,g
153,Beautiful,Fragrance,oz
80,Late,Color Pigment,g
40,Baby,Fragrance,pieces
110,Baby,Emulsifier,oz
66,Music,Preservative,oz
144,Late,Fragrance,ml
103,Stock,Essential Oil,pieces
78,Degree,Preservative,g
51,Add,Emulsifier,mg
130,Positive,Fragrance,l
65,Officer,Preservative,oz
77,Above,Preservative,kg
13,Officer,Emulsifier,ml
142,Degree,Fragrance,ml
170,Late,Fragrance,kg
153,Music,Essential Oil,mg
44,Conference,Color Pigment,mg
1,Music,Fragrance,g
164,Same,Essential Oil,ml
70,Degree,Fragrance,ml
133,Degree,Fragrance,oz
121,Music,Emulsifier,l
7,Word,Preservative,g
34,Drive,Color Pigment,oz
107,Same,Emulsifier,oz
72,Drive,Emulsifier,ml
104,Positive,Emulsifier,pieces
46,Section,Fragrance,pieces
59,Degree,Essential Oil,g
129,Section,Fragrance,pieces
141,Wish,Essential Oil,mg
151,Baby,Color Pigment,mg
178,Word,Color Pigment,kg
169,Late,Color Pigment,oz
71,Late,Preservative,kg
20,Section,Fragrance,kg
62,Beautiful,Emulsifier,oz
53,Add,Emulsifier,l
140,Section,Emulsifier,ml
122,Drive,Essential Oil,pieces
170,Add,Fragrance,g
199,Degree,Emulsifier,kg
1,Above,Preservative,oz
44,Stock,Preservative,g
103,Word,Emulsifier,kg
21,Above,Preservative,kg
111,Music,Preservative,l
65,Positive,Emulsifier,pieces
179,Late,Emulsifier,mg
71,Section,Preservative,l
106,Conference,Color Pigment,oz
67,Beautiful,Fragrance,g
197,Beautiful,Fragrance,pieces
22,Add,Essential Oil,oz
177,Drive,Essential Oil,mg
124,Nation,Preservative,pieces
30,Beautiful,Fragrance,ml
88,Positive,Fragrance,pieces
79,Beautiful,Emulsifier,pieces
156,Officer,Fragrance,ml
23,Above,Color Pigment,mg
24,Nation,Fragrance,oz
171,Add,Preservative,ml
56,Nation,Emulsifier,g
118,Baby,Fragrance,pieces
70,Officer,Emulsifier,pieces
34,Nation,Preservative,l
132,Word,Essential Oil,kg
180,Music,Color Pigment,oz
52,Add,Fragrance,ml
139,Section,Preservative,pieces
39,Degree,Preservative,pieces
21,Late,Emulsifier,pieces
200,Music,Color Pigment,oz
42,Drive,Color Pigment,l
97,Drive,Color Pigment,g
2,Degree,Color Pigment,ml
137,Degree,Essential Oil,oz
103,Drive,Essential Oil,l
39,Music,Emulsifier,ml
95,Wish,Preservative,pieces
46,Stock,Color Pigment,kg
62,Officer,Fragrance,kg
126,Section,Emulsifier,kg
99,Add,Preservative,l
195,Stock,Emulsifier,oz
113,Degree,Essential Oil,pieces
127,Above,Fragrance,ml
74,Beautiful,Preservative,mg
40,Late,Preservative,oz
188,Conference,Color Pigment,pieces
64,Late,Emulsifier,l
93,Same,Essential Oil,g
98,Late,Essential Oil,pieces
85,Officer,Fragrance,mg
4,Above,Fragrance,oz
137,Section,Emulsifier,mg
96,Late,Essential Oil,oz
100,Officer,Color Pigment,ml
75,Officer,Preservative,mg
104,Late,Fragrance,pieces
15,Word,Fragrance,oz
196,Beautiful,Emulsifier,kg
52,Positive,Preservative,l
106,Above,Essential Oil,mg
47,Add,Emulsifier,ml
184,Above,Fragrance,ml
99,Music,Color Pigment,kg
100,Baby,Color Pigment,kg
148,Nation,Essential Oil,pieces
152,Late,Preservative,l
116,Beautiful,Color Pigment,ml
77,Positive,Color Pigment,mg
188,Word,Preservative,pieces
43,Same,Preservative,kg
126,Degree,Preservative,mg
198,Officer,Preservative,oz
104,Conference,Color Pigment,l
90,Drive,Essential Oil,ml
12,Positive,Color Pigment,ml
175,Stock,Color Pigment,ml
1,Section,Color Pigment,g
61,Baby,Color Pigment,kg
191,Drive,Color Pigment,mg
65,Above,Fragrance,g
42,Baby,Preservative,l
95,Same,Color Pigment,g
125,Degree,Emulsifier,pieces
140,Add,Essential Oil,kg
37,Stock,Preservative,g
86,Music,Fragrance,l
40,Positive,Essential Oil,mg
164,Baby,Color Pigment,ml
31,Stock,Color Pigment,kg
172,Officer,Fragrance,pieces
96,Conference,Color Pigment,oz
179,Nation,Fragrance,pieces
174,Drive,Essential Oil,kg
197,Positive,Fragrance,l
62,Wish,Emulsifier,mg
13,Nation,Essential Oil,mg
104,Nation,Emulsifier,ml
155,Positive,Color Pigment,kg
151,Above,Preservative,ml
143,Positive,Essential Oil,l
3,Above,Preservative,mg
44,Drive,Essential Oil,kg
111,Wish,Preservative,oz
11,Word,Fragrance,g
36,Conference,Emulsifier,l
109,Baby,Essential Oil,pieces
99,Section,Preservative,g
189,Conference,Color Pigment,mg
69,Baby,Essential Oil,l
97,Same,Fragrance,mg
191,Officer,Preservative,mg
42,Stock,Preservative,ml
142,Section,Fragrance,oz
199,Above,Preservative,g
126,Same,Preservative,oz
170,Drive,Fragrance,l
180,Conference,Fragrance,oz
59,Above,Essential Oil,kg
18,Wish,Fragrance,oz
196,Baby,Fragrance,g
79,Officer,Color Pigment,g
20,Late,Essential Oil,oz
174,Same,Essential Oil,l
140,Beautiful,Emulsifier,ml
21,Music,Preservative,l
18,Music,Preservative,g
98,Conference,Color Pigment,ml
99,Stock,Fragrance,l
74,Same,Fragrance,ml
198,Beautiful,Fragrance,oz
159,Word,Color Pigment,oz
74,Late,Essential Oil,l
98,Nation,Color Pigment,l
196,Section,Emulsifier,g
7,Baby,Color Pigment,mg
161,Word,Preservative,oz
4,Music,Preservative,l
177,Officer,Preservative,ml
173,Above,Preservative,l
193,Late,Color Pigment,l
43,Conference,Essential Oil,g
64,Drive,Preservative,ml
160,Add,Preservative,g
145,Same,Fragrance,pieces
2,Same,Emulsifier,oz
83,Section,Color Pigment,g
165,Wish,Fragrance,ml
192,Degree,Color Pigment,ml
110,Same,Fragrance,oz
195,Degree,Essential Oil,ml
161,Section,Emulsifier,l
32,Music,Color Pigment,mg
68,Word,Color Pigment,l
191,Degree,Essential Oil,mg
51,Wish,Fragrance,mg
111,Section,Fragrance,l
57,Word,Essential Oil,pieces
9,Same,Preservative,ml
70,Same,Fragrance,ml
132,Degree,Essential Oil,oz
32,Beautiful,Color Pigment,g
170,Word,Preservative,ml
32,Word,Emulsifier,kg
42,Late,Emulsifier,ml
172,Nation,Color Pigment,ml
143,Section,Emulsifier,ml
93,Add,Emulsifier,mg
147,Nation,Essential Oil,ml
66,Degree,Color Pigment,kg
194,Beautiful,Essential Oil,g
52,Late,Emulsifier,l
112,Drive,Color Pigment,g
173,Stock,Preservative,mg
118,Same,Emulsifier,mg
184,Degree,Preservative,kg
198,Positive,Color Pigment,g
127,Nation,Essential Oil,ml
29,Music,Fragrance,g
67,Music,Color Pigment,oz
129,Stock,Preservative,mg
133,Beautiful,Color Pigment,mg
35,Positive,Color Pigment,mg
156,Music,Essential Oil,g
153,Above,Emulsifier,oz
26,Music,Preservative,ml
114,Stock,Fragrance,oz
22,Section,Essential Oil,kg
185,Same,Fragrance,pieces
185,Word,Essential Oil,kg
65,Music,Fragrance,g
41,Stock,Preservative,g
50,Beautiful,Fragrance,mg
143,Above,Color Pigment,ml
164,Above,Preservative,pieces
90,Baby,Preservative,kg
146,Degree,Fragrance,l
179,Beautiful,Emulsifier,g
176,Positive,Essential Oil,ml
34,Positive,Emulsifier,oz
77,Section,Emulsifier,oz
194,Officer,Preservative,ml
183,Stock,Color Pigment,mg
95,Word,Essential Oil,kg
198,Above,Color Pigment,g
89,Same,Emulsifier,ml
81,Conference,Preservative,mg
165,Same,Emulsifier,mg
113,Music,Color Pigment,g
98,Music,Essential Oil,ml
175,Degree,Emulsifier,oz
160,Nation,Fragrance,g
98,Baby,Essential Oil,g
185,Wish,Color Pigment,oz
131,Above,Preservative,kg
38,Add,Preservative,l
114,Positive,Essential Oil,g
30,Music,Color Pigment,pieces
113,Nation,Color Pigment,pieces
171,Conference,Color Pigment,mg
164,Degree,Essential Oil,oz
85,Same,Emulsifier,l
137,Word,Emulsifier,g
145,Conference,Essential Oil,g
10,Drive,Preservative,kg
130,Degree,Preservative,l
24,Above,Preservative,oz
129,Add,Color Pigment,oz
173,Beautiful,Preservative,mg
47,Drive,Fragrance,kg
104,Add,Preservative,oz
132,Section,Emulsifier,pieces
125,Section,Emulsifier,l
160,Above,Preservative,ml
71,Music,Fragrance,pieces
25,Section,Color Pigment,oz
152,Word,Preservative,pieces
34,Conference,Fragrance,g
130,Wish,Essential Oil,kg
126,Word,Emulsifier,l
38,Baby,Fragrance,mg
139,Add,Essential Oil,oz
42,Conference,Fragrance,mg
36,Officer,Color Pigment,g
194,Conference,Essential Oil,l
149,Section,Essential Oil,oz
27,Nation,Fragrance,oz
93,Word,Fragrance,l
117,Drive,Fragrance,g
75,Same,Emulsifier,pieces
89,Above,Emulsifier,pieces
173,Section,Color Pigment,l
44,Section,Fragrance,kg
195,Drive,Emulsifier,mg
88,Officer,Preservative,mg
39,Section,Color Pigment,l
159,Baby,Color Pigment,g
75,Drive,Essential Oil,l
126,Drive,Fragrance,pieces
180,Above,Fragrance,pieces
142,Baby,Preservative,kg
156,Word,Emulsifier,l
11,Nation,Emulsifier,kg
51,Stock,Fragrance,kg
191,Same,Color Pigment,l
95,Music,Essential Oil,mg
170,Baby,Preservative,oz
8,Beautiful,Essential Oil,pieces
195,Beautiful,Essential Oil,oz
78,Positive,Preservative,ml
23,Conference,Essential Oil,kg
49,Section,Color Pigment,ml
118,Late,Color Pigment,pieces
191,Section,Essential Oil,pieces
78,Section,Fragrance,ml
48,Add,Color Pigment,oz
193,Drive,Preservative,g
78,Nation,Fragrance,pieces
51,Above,Fragrance,mg
66,Conference,Fragrance,mg
183,Nation,Color Pigment,oz
102,Same,Essential Oil,ml
60,Baby,Emulsifier,mg
16,Add,Color Pigment,g
167,Word,Color Pigment,kg
175,Wish,Emulsifier,l
188,Wish,Fragrance,g
109,Positive,Fragrance,g
149,Conference,Fragrance,l
86,Nation,Fragrance,oz
179,Baby,Emulsifier,kg
30,Above,Fragrance,oz
27,Wish,Fragrance,ml
177,Add,Color Pigment,g
178,Officer,Essential Oil,oz
159,Late,Emulsifier,oz
109,Same,Emulsifier,oz
91,Nation,Preservative,mg
87,Drive,Preservative,kg
138,Stock,Color Pigment,mg
155,Same,Fragrance,mg
142,Add,Fragrance,mg
14,Degree,Preservative,kg
127,Same,Essential Oil,mg
200,Officer,Color Pigment,mg
76,Beautiful,Color Pigment,oz
41,Word,Essential Oil,oz
171,Section,Preservative,kg
1,Wish,Color Pigment,l
106,Same,Preservative,mg
15,Section,Preservative,l
166,Late,Essential Oil,oz
162,Add,Preservative,ml
71,Conference,Fragrance,l
185,Degree,Preservative,g
20,Drive,Fragrance,pieces
121,Add,Essential Oil,mg
76,Positive,Color Pigment,ml
59,Conference,Emulsifier,ml
106,Music,Fragrance,pieces
110,Add,Color Pigment,l
134,Positive,Fragrance,ml
73,Same,Preservative,pieces
189,Drive,Preservative,pieces
144,Same,Emulsifier,ml
6,Baby,Emulsifier,g
150,Positive,Color Pigment,kg
152,Wish,Fragrance,l
33,Degree,Preservative,pieces
117,Late,Emulsifier,g
139,Drive,Color Pigment,ml
30,Add,Preservative,mg
36,Baby,Preservative,pieces
42,Above,Emulsifier,ml
156,Nation,Essential Oil,pieces
2,Section,Preservative,ml
197,Officer,Fragrance,l
70,Word,Emulsifier,kg
6,Music,Essential Oil,oz
124,Conference,Emulsifier,mg
53,Late,Fragrance,mg
57,Degree,Emulsifier,l
72,Above,Essential Oil,kg
176,Above,Preservative,oz
147,Section,Preservative,ml
60,Conference,Preservative,l
59,Word,Essential Oil,mg
160,Same,Emulsifier,pieces
82,Late,Fragrance,g
148,Beautiful,Color Pigment,l
139,Degree,Preservative,kg
190,Section,Essential Oil,g
44,Officer,Fragrance,oz
105,Section,Fragrance,g
164,Beautiful,Color Pigment,kg
168,Stock,Preservative,mg
160,Baby,Preservative,oz
54,Wish,Fragrance,oz
1,Officer,Essential Oil,mg
82,Word,Essential Oil,g
120,Above,Color Pigment,pieces
108,Wish,Fragrance,kg
53,Wish,Essential Oil,kg
110,Stock,Fragrance,ml
147,Positive,Fragrance,g
1,Degree,Fragrance,oz
6,Positive,Emulsifier,mg
83,Word,Emulsifier,pieces
190,Same,Preservative,oz
195,Music,Fragrance,l
126,Conference,Color Pigment,mg
95,Officer,Color Pigment,mg
153,Wish,Color Pigment,l
74,Add,Emulsifier,pieces
104,Drive,Emulsifier,pieces
142,Stock,Emulsifier,ml
158,Nation,Essential Oil,pieces
109,Word,Essential Oil,pieces
126,Baby,Color Pigment,mg
177,Music,Essential Oil,g
115,Officer,Color Pigment,pieces
94,Degree,Color Pigment,l
155,Nation,Fragrance,ml
124,Drive,Essential Oil,kg
113,Drive,Preservative,kg
7,Drive,Essential Oil,ml
85,Late,Emulsifier,l
91,Wish,Essential Oil,g
195,Word,Emulsifier,g
171,Nation,Preservative,oz
10,Word,Preservative,ml
95,Stock,Essential Oil,g
101,Baby,Fragrance,l
1,Drive,Preservative,mg
145,Word,Fragrance,l
58,Officer,Fragrance,pieces
116,Add,Essential Oil,ml
167,Drive,Fragrance,pieces
133,Baby,Fragrance,oz
125,Stock,Fragrance,l
164,Nation,Preservative,l
31,Add,Fragrance,oz
154,Degree,Color Pigment,oz
21,Add,Fragrance,g
154,Section,Preservative,kg
112,Stock,Color Pigment,g
164,Word,Color Pigment,mg
19,Stock,Fragrance,kg
19,Nation,Color Pigment,oz
102,Above,Fragrance,pieces
151,Late,Color Pigment,pieces
145,Music,Emulsifier,ml
152,Same,Preservative,kg
116,Degree,Preservative,ml
111,Officer,Essential Oil,l
44,Wish,Essential Oil,ml
79,Positive,Preservative,mg
160,Officer,Color Pigment,g
115,Section,Fragrance,pieces
155,Late,Essential Oil,kg
100,Above,Fragrance,l
86,Add,Emulsifier,g
117,Conference,Preservative,oz
10,Music,Preservative,g
195,Section,Preservative,kg
123,Wish,Emulsifier,mg
22,Beautiful,Preservative,pieces
159,Drive,Essential Oil,ml
144,Drive,Essential Oil,oz
128,Stock,Preservative,l
86,Word,Essential Oil,oz
166,Add,Color Pigment,kg
20,Same,Essential Oil,l
165,Late,Essential Oil,oz
133,Nation,Preservative,l
187,Music,Fragrance,kg
200,Conference,Color Pigment,oz
31,Above,Color Pigment,pieces
167,Wish,Fragrance,pieces
181,Word,Preservative,oz
19,Add,Fragrance,ml
163,Nation,Emulsifier,mg
9,Stock,Essential Oil,ml
188,Beautiful,Essential Oil,oz
9,Nation,Color Pigment,kg
101,Same,Fragrance,pieces
17,Nation,Color Pigment,pieces
96,Drive,Essential Oil,ml
9,Above,Preservative,l
164,Section,Color Pigment,ml
48,Above,Emulsifier,g
16,Late,Emulsifier,ml
151,Add,Emulsifier,l
128,Drive,Fragrance,pieces
3,Nation,Color Pigment,oz
40,Add,Fragrance,pieces
35,Beautiful,Essential Oil,pieces
185,Drive,Color Pigment,kg
46,Beautiful,Color Pigment,g
62,Degree,Fragrance,pieces
101,Music,Essential Oil,ml
162,Section,Emulsifier,g
167,Baby,Fragrance,g
68,Stock,Color Pigment,oz
163,Above,Emulsifier,ml
132,Conference,Color Pigment,g
39,Positive,Preservative,oz
21,Positive,Color Pigment,l
2,Stock,Fragrance,pieces
67,Same,Essential Oil,mg
140,Word,Fragrance,pieces
19,Degree,Fragrance,l
32,Officer,Fragrance,kg
131,Section,Fragrance,kg
10,Degree,Preservative,kg
110,Nation,Emulsifier,l
15,Positive,Essential Oil,pieces
33,Baby,Preservative,l
82,Same,Essential Oil,l
154,Word,Preservative,mg
127,Beautiful,Preservative,mg
4,Wish,Color Pigment,l
169,Conference,Essential Oil,kg
22,Officer,Fragrance,mg
57,Music,Essential Oil,kg
32,Same,Color Pigment,pieces
108,Degree,Emulsifier,g
144,Nation,Preservative,l
173,Music,Essential Oil,kg
124,Wish,Essential Oil,ml
173,Positive,Fragrance,pieces
64,Positive,Preservative,oz
186,Late,Fragrance,pieces
12,Officer,Color Pigment,kg
159,Positive,Essential Oil,kg
120,Stock,Preservative,l
150,Word,Fragrance,oz
173,Late,Emulsifier,oz
103,Music,Fragrance,pieces
12,Same,Essential Oil,ml
15,Baby,Emulsifier,l
120,Nation,Preservative,pieces
48,Stock,Preservative,mg
172,Add,Fragrance,kg
95,Degree,Essential Oil,kg
1,Same,Emulsifier,oz
188,Stock,Essential Oil,l
94,Nation,Emulsifier,ml
180,Same,Essential Oil,g
200,Add,Preservative,mg
65,Nation,Essential Oil,kg
189,Baby,Essential Oil,l
92,Degree,Emulsifier,l
39,Wish,Fragrance,ml
151,Nation,Color Pigment,ml
164,Add,Preservative,pieces
160,Late,Color Pigment,ml
79,Word,Emulsifier,kg
128,Music,Emulsifier,kg
101,Add,Fragrance,oz
142,Beautiful,Essential Oil,kg
102,Positive,Emulsifier,kg
168,Beautiful,Color Pigment,g
45,Wish,Preservative,mg
178,Nation,Fragrance,ml
77,Same,Essential Oil,g
122,Section,Preservative,g
86,Above,Emulsifier,g
70,Wish,Color Pigment,ml
96,Add,Essential Oil,ml
170,Nation,Emulsifier,kg
150,Degree,Essential Oil,pieces
9,Word,Color Pigment,pieces
87,Same,Color Pigment,kg
32,Section,Essential Oil,l
177,Conference,Color Pigment,oz
34,Section,Color Pigment,mg
6,Section,Preservative,l
10,Wish,Fragrance,pieces
40,Same,Color Pigment,l
120,Positive,Fragrance,ml
128,Officer,Emulsifier,oz
48,Wish,Essential Oil,l
138,Same,Fragrance,oz
111,Late,Color Pigment,mg
11,Drive,Essential Oil,ml
1,Baby,Essential Oil,pieces
50,Wish,Preservative,mg
112,Baby,Fragrance,g
23,Music,Emulsifier,ml
153,Stock,Preservative,pieces
134,Stock,Preservative,ml
35,Music,Preservative,mg
58,Same,Fragrance,kg
6,Stock,Preservative,ml
91,Same,Essential Oil,oz
165,Section,Emulsifier,l
139,Stock,Fragrance,pieces
88,Degree,Emulsifier,g
147,Stock,Essential Oil,pieces
153,Nation,Essential Oil,mg
77,Word,Fragrance,pieces
40,Wish,Fragrance,l
38,Beautiful,Color Pigment,g
51,Nation,Emulsifier,l
130,Beautiful,Color Pigment,kg
133,Wish,Color Pigment,g
99,Beautiful,Fragrance,kg
167,Degree,Color Pigment,g
129,Drive,Color Pigment,g
133,Above,Preservative,l
58,Degree,Emulsifier,g
50,Conference,Color Pigment,oz
6,Word,Preservative,oz
156,Stock,Color Pigment,oz
89,Degree,Color Pigment,kg
3,Stock,Fragrance,kg
58,Above,Preservative,g
79,Stock,Preservative,oz
87,Beautiful,Essential Oil,pieces
176,Add,Essential Oil,l
29,Officer,Color Pigment,oz
149,Officer,Preservative,l
81,Wish,Color Pigment,mg
184,Drive,Color Pigment,mg
115,Add,Preservative,mg
159,Add,Preservative,mg
86,Same,Preservative,oz
95,Add,Essential Oil,g
58,Wish,Color Pigment,l
112,Same,Preservative,ml
76,Section,Color Pigment,ml
8,Officer,Preservative,mg
112,Above,Emulsifier,ml
183,Section,Preservative,g
25,Wish,Essential Oil,kg
167,Positive,Color Pigment,pieces
63,Drive,Preservative,ml
114,Above,Essential Oil,mg
66,Late,Color Pigment,l
62,Section,Fragrance,l
104,Section,Fragrance,kg
88,Beautiful,Fragrance,mg
63,Beautiful,Color Pigment,oz
189,Word,Fragrance,mg
130,Above,Essential Oil,l
199,Conference,Preservative,mg
184,Conference,Color Pigment,mg
58,Add,Fragrance,pieces
191,Add,Emulsifier,pieces
18,Baby,Essential Oil,ml
127,Positive,Preservative,pieces
56,Add,Fragrance,pieces
180,Baby,Emulsifier,kg
161,Late,Fragrance,g
132,Baby,Fragrance,kg
153,Late,Color Pigment,oz
122,Music,Preservative,oz
36,Positive,Emulsifier,oz
1,Beautiful,Essential Oil,mg
27,Baby,Color Pigment,oz
190,Music,Preservative,mg
154,Officer,Preservative,pieces
41,Nation,Preservative,kg
189,Beautiful,Preservative,mg
44,Add,Fragrance,g
90,Add,Preservative,pieces
146,Above,Essential Oil,g
52,Stock,Fragrance,mg
48,Baby,Preservative,l
48,Degree,Emulsifier,oz
108,Positive,Emulsifier,oz
97,Music,Fragrance,l
167,Same,Color Pigment,oz
138,Word,Emulsifier,kg
44,Nation,Emulsifier,kg
75,Wish,Essential Oil,pieces
111,Beautiful,Emulsifier,pieces
19,Wish,Preservative,mg
35,Section,Essential Oil,pieces
35,Late,Emulsifier,l
61,Positive,Color Pigment,g
193,Baby,Preservative,pieces
162,Conference,Preservative,mg
113,Positive,Color Pigment,mg
63,Late,Essential Oil,l
135,Stock,Essential Oil,ml
13,Same,Color Pigment,pieces
15,Beautiful,Fragrance,ml
80,Section,Essential Oil,kg
123,Officer,Color Pigment,g
140,Nation,Emulsifier,ml
89,Nation,Emulsifier,mg
144,Word,Preservative,pieces
153,Drive,Emulsifier,g
16,Conference,Essential Oil,g
143,Beautiful,Fragrance,mg
92,Late,Fragrance,pieces
49,Beautiful,Essential Oil,oz
33,Nation,Preservative,g
194,Above,Preservative,l
91,Section,Essential Oil,g
115,Nation,Essential Oil,l
143,Degree,Preservative,oz
27,Drive,Fragrance,oz
26,Positive,Preservative,kg
107,Add,Essential Oil,oz
12,Beautiful,Fragrance,kg
131,Add,Essential Oil,ml
187,Nation,Emulsifier,mg
107,Section,Fragrance,mg
54,Drive,Color Pigment,l
108,Nation,Essential Oil,g
129,Officer,Essential Oil,kg
183,Music,Essential Oil,l
185,Section,Emulsifier,l
116,Section,Emulsifier,oz
200,Same,Fragrance,l
22,Nation,Emulsifier,mg
122,Officer,Emulsifier,kg
36,Above,Fragrance,oz
141,Above,Color Pigment,g
198,Same,Preservative,g
174,Baby,Emulsifier,ml
134,Conference,Preservative,mg
192,Word,Preservative,oz
144,Conference,Fragrance,g
5,Beautiful,Fragrance,ml
186,Word,Preservative,oz
197,Nation,Essential Oil,g
152,Above,Preservative,ml
68,Section,Color Pigment,kg
37,Beautiful,Essential Oil,kg
92,Drive,Preservative,pieces
58,Word,Emulsifier,l
26,Section,Color Pigment,mg
16,Officer,Emulsifier,g
163,Drive,Emulsifier,l
124,Degree,Emulsifier,mg
131,Positive,Preservative,ml
42,Add,Emulsifier,ml
16,Positive,Emulsifier,g
29,Drive,Fragrance,oz
126,Late,Color Pigment,ml
200,Section,Essential Oil,kg
127,Drive,Preservative,oz
138,Conference,Color Pigment,ml
95,Baby,Preservative,g
54,Positive,Emulsifier,oz
140,Stock,Essential Oil,pieces
146,Drive,Color Pigment,ml
36,Same,Emulsifier,kg
179,Same,Fragrance,oz
98,Beautiful,Color Pigment,ml
178,Degree,Essential Oil,oz
27,Positive,Essential Oil,mg
187,Add,Preservative,g
105,Stock,Emulsifier,kg
186,Section,Color Pigment,pieces
120,Baby,Preservative,oz
84,Degree,Essential Oil,pieces
136,Same,Fragrance,g
159,Stock,Fragrance,pieces
167,Music,Color Pigment,pieces
24,Late,Preservative,pieces
90,Same,Color Pigment,l
80,Positive,Color Pigment,g
61,Beautiful,Essential Oil,g
28,Word,Color Pigment,mg
65,Degree,Preservative,kg
112,Add,Preservative,oz
122,Conference,Fragrance,g
30,Degree,Fragrance,pieces
186,Degree,Emulsifier,mg
26,Degree,Color Pigment,g
75,Late,Essential Oil,pieces
47,Degree,Fragrance,ml
8,Drive,Essential Oil,oz
31,Word,Essential Oil,kg
34,Late,Emulsifier,kg
151,Stock,Preservative,pieces
60,Degree,Essential Oil,g
189,Above,Preservative,l
45,Nation,Emulsifier,kg
167,Beautiful,Emulsifier,oz
153,Officer,Preservative,kg
147,Conference,Emulsifier,g
162,Word,Essential Oil,ml
13,Stock,Emulsifier,mg
125,Baby,Emulsifier,oz
16,Degree,Fragrance,pieces
123,Section,Color Pigment,kg
158,Stock,Emulsifier,ml
70,Conference,Color Pigment,ml
102,Word,Emulsifier,l
150,Wish,Color Pigment,g
47,Late,Emulsifier,mg
95,Positive,Emulsifier,oz
90,Officer,Preservative,kg
5,Section,Essential Oil,mg
103,Conference,Fragrance,pieces
155,Officer,Fragrance,pieces
158,Degree,Fragrance,mg
13,Conference,Color Pigment,mg
117,Wish,Color Pigment,g
79,Above,Emulsifier,ml
69,Music,Color Pigment,mg
73,Baby,Emulsifier,kg
123,Degree,Color Pigment,kg
166,Nation,Fragrance,kg
192,Beautiful,Emulsifier,pieces
74,Conference,Emulsifier,l
12,Stock,Essential Oil,l
157,Beautiful,Preservative,l
123,Drive,Essential Oil,g
99,Same,Color Pigment,ml
10,Above,Emulsifier,oz
81,Drive,Essential Oil,pieces
157,Drive,Emulsifier,ml
112,Section,Preservative,kg
117,Positive,Emulsifier,kg
184,Stock,Color Pigment,ml
114,Section,Essential Oil,mg
190,Late,Emulsifier,ml
62,Baby,Emulsifier,mg
10,Same,Preservative,g
149,Music,Essential Oil,g
71,Nation,Preservative,l
181,Above,Essential Oil,pieces
140,Conference,Color Pigment,ml
116,Nation,Essential Oil,l
120,Word,Color Pigment,mg
69,Conference,Preservative,ml
57,Drive,Color Pigment,kg
191,Music,Essential Oil,mg
96,Beautiful,Color Pigment,oz
89,Stock,Preservative,mg
137,Officer,Fragrance,kg
172,Beautiful,Color Pigment,oz
68,Conference,Fragrance,l
23,Beautiful,Fragrance,mg
182,Late,Color Pigment,kg
155,Above,Emulsifier,l
174,Late,Preservative,l
190,Drive,Fragrance,pieces
58,Drive,Essential Oil,l
163,Conference,Emulsifier,ml
23,Add,Emulsifier,oz
4,Same,Essential Oil,mg
109,Late,Essential Oil,g
88,Drive,Fragrance,g
199,Drive,Essential Oil,ml
55,Stock,Emulsifier,mg
130,Stock,Color Pigment,l
59,Stock,Essential Oil,oz
182,Officer,Emulsifier,pieces
152,Beautiful,Preservative,l
56,Degree,Essential Oil,mg
77,Nation,Preservative,mg
47,Above,Essential Oil,kg
91,Beautiful,Essential Oil,l
68,Music,Color Pigment,mg
157,Officer,Fragrance,kg
68,Add,Fragrance,oz
167,Conference,Fragrance,oz
102,Conference,Essential Oil,l
180,Wish,Color Pigment,g
135,Music,Preservative,kg
35,Above,Essential Oil,mg
100,Nation,Fragrance,g
65,Add,Fragrance,oz
56,Officer,Emulsifier,pieces
189,Section,Color Pigment,g
84,Add,Color Pigment,oz
197,Late,Preservative,l
135,Drive,Essential Oil,kg
167,Above,Fragrance,g
28,Drive,Color Pigment,pieces
148,Section,Preservative,l
51,Baby,Preservative,ml
176,Baby,Fragrance,g
57,Officer,Color Pigment,kg
136,Music,Preservative,l
86,Baby,Essential Oil,mg
40,Degree,Fragrance,pieces
88,Add,Essential Oil,l
184,Section,Preservative,kg
46,Late,Color Pigment,pieces
43,Wish,Fragrance,ml
92,Baby,Fragrance,kg
155,Word,Emulsifier,kg
74,Wish,Fragrance,l
80,Baby,Emulsifier,mg
14,Baby,Preservative,mg
116,Music,Color Pigment,mg
83,Positive,Color Pigment,mg
37,Degree,Essential Oil,pieces
25,Conference,Emulsifier,l
26,Wish,Preservative,l
109,Beautiful,Emulsifier,oz
110,Positive,Preservative,g
38,Officer,Preservative,pieces
82,Above,Essential Oil,ml
85,Add,Preservative,ml
44,Baby,Preservative,oz
25,Above,Color Pigment,oz
20,Add,Essential Oil,g
18,Degree,Emulsifier,l
93,Baby,Preservative,oz
135,Beautiful,Preservative,l
74,Degree,Fragrance,l
77,Baby,Preservative,g
55,Officer,Fragrance,mg
127,Word,Essential Oil,g
23,Degree,Color Pigment,mg
38,Drive,Preservative,l
137,Wish,Color Pigment,mg
134,Baby,Preservative,kg
190,Stock,Preservative,g
28,Degree,Fragrance,pieces
143,Same,Essential Oil,g
56,Conference,Preservative,ml
176,Stock,Preservative,g
78,Above,Emulsifier,g
175,Conference,Color Pigment,ml
196,Conference,Color Pigment,g
79,Degree,Emulsifier,mg
30,Baby,Emulsifier,oz
12,Nation,Essential Oil,oz
200,Degree,Fragrance,ml
49,Add,Essential Oil,ml
141,Drive,Essential Oil,oz
188,Nation,Color Pigment,kg
87,Degree,Preservative,l
72,Music,Fragrance,l
49,Positive,Emulsifier,g
25,Nation,Preservative,pieces
163,Music,Essential Oil,ml
13,Add,Emulsifier,oz
97,Baby,Emulsifier,l
180,Positive,Preservative,kg
104,Same,Color Pigment,oz
179,Stock,Essential Oil,mg
103,Nation,Emulsifier,ml
72,Beautiful,Fragrance,pieces
40,Music,Essential Oil,l
94,Add,Essential Oil,kg
175,Music,Preservative,ml
152,Officer,Emulsifier,ml
3,Section,Preservative,mg
121,Nation,Color Pigment,ml
80,Stock,Color Pigment,pieces
150,Music,Color Pigment,l
92,Wish,Color Pigment,g
168,Wish,Color Pigment,g
107,Positive,Fragrance,oz
54,Same,Fragrance,l
146,Stock,Emulsifier,l
75,Section,Essential Oil,l
47,Section,Color Pigment,l
155,Section,Color Pigment,pieces
41,Section,Preservative,l
110,Degree,Color Pigment,kg
12,Wish,Fragrance,mg
93,Section,Fragrance,mg
93,Stock,Fragrance,g
162,Degree,Essential Oil,kg
41,Baby,Preservative,mg
11,Section,Emulsifier,oz
143,Music,Essential Oil,ml
193,Add,Fragrance,kg
68,Baby,Emulsifier,mg
194,Add,Color Pigment,pieces
100,Positive,Essential Oil,pieces
185,Music,Fragrance,g
100,Stock,Essential Oil,kg
122,Add,Emulsifier,ml
38,Section,Essential Oil,ml
135,Nation,Emulsifier,pieces
146,Word,Color Pigment,ml
99,Positive,Fragrance,kg
51,Same,Fragrance,l
23,Stock,Fragrance,l
83,Beautiful,Preservative,g
74,Section,Preservative,g
145,Nation,Emulsifier,kg
67,Drive,Preservative,kg
54,Beautiful,Essential Oil,ml
196,Above,Fragrance,g
4,Stock,Emulsifier,oz
129,Degree,Essential Oil,oz
192,Music,Fragrance,g
173,Nation,Preservative,ml
87,Conference,Emulsifier,kg
11,Officer,Emulsifier,ml
68,Wish,Color Pigment,g
66,Nation,Color Pigment,g
120,Late,Essential Oil,g
178,Stock,Preservative,g
66,Section,Fragrance,mg
175,Officer,Essential Oil,mg
192,Officer,Preservative,ml
186,Wish,Emulsifier,mg
124,Section,Essential Oil,mg
139,Word,Emulsifier,kg
102,Beautiful,Fragrance,g
147,Word,Essential Oil,kg
24,Positive,Color Pigment,mg
61,Word,Essential Oil,kg
158,Conference,Emulsifier,g
12,Drive,Color Pigment,mg
55,Baby,Essential Oil,ml
144,Music,Preservative,oz
183,Late,Essential Oil,mg
37,Word,Preservative,oz
111,Positive,Essential Oil,oz
128,Conference,Fragrance,pieces
156,Wish,Preservative,l
177,Word,Preservative,g
177,Section,Essential Oil,ml
182,Word,Emulsifier,l
69,Stock,Fragrance,pieces
121,Officer,Fragrance,pieces
59,Wish,Preservative,pieces
72,Degree,Fragrance,ml
175,Nation,Preservative,l
194,Wish,Essential Oil,g
157,Degree,Color Pigment,ml
127,Wish,Fragrance,pieces
51,Officer,Preservative,oz
47,Music,Color Pigment,kg
78,Same,Color Pigment,l
180,Stock,Preservative,kg
111,Same,Preservative,ml
90,Section,Emulsifier,ml
145,Positive,Essential Oil,pieces
38,Nation,Preservative,pieces
49,Conference,Emulsifier,oz
35,Stock,Essential Oil,pieces
48,Conference,Preservative,g
17,Music,Emulsifier,oz
105,Word,Essential Oil,l
183,Conference,Fragrance,g
9,Drive,Essential Oil,pieces
46,Same,Preservative,l
17,Section,Fragrance,ml
57,Same,Essential Oil,oz
30,Word,Fragrance,pieces
145,Drive,Fragrance,pieces
198,Degree,Color Pigment,ml
149,Word,Preservative,g
84,Music,Essential Oil,mg
27,Add,Color Pigment,pieces
71,Wish,Color Pigment,mg
118,Word,Fragrance,ml
90,Late,Fragrance,kg
92,Stock,Preservative,g
17,Beautiful,Emulsifier,kg
139,Officer,Essential Oil,g
104,Word,Essential Oil,oz
103,Above,Preservative,ml
47,Positive,Fragrance,ml
23,Section,Color Pigment,kg
73,Conference,Preservative,mg
63,Conference,Fragrance,ml
4,Nation,Fragrance,mg
140,Above,Preservative,l
77,Music,Color Pigment,ml
24,Baby,Emulsifier,oz
166,Above,Color Pigment,l
32,Drive,Emulsifier,l
172,Same,Emulsifier,ml
35,Wish,Essential Oil,g
75,Stock,Fragrance,kg
73,Nation,Fragrance,ml
77,Officer,Fragrance,l
33,Wish,Emulsifier,mg
191,Conference,Preservative,kg
18,Same,Essential Oil,g
145,Above,Color Pigment,kg
70,Positive,Essential Oil,g
163,Section,Preservative,kg
54,Stock,Fragrance,kg
84,Wish,Emulsifier,ml
188,Same,Essential Oil,ml
100,Beautiful,Color Pigment,mg
161,Drive,Fragrance,ml
139,Late,Color Pigment,pieces
98,Drive,Color Pigment,g
128,Wish,Emulsifier,mg
48,Nation,Preservative,mg
130,Section,Essential Oil,l
154,Baby,Color Pigment,mg
172,Above,Emulsifier,g
59,Drive,Color Pigment,g
130,Add,Preservative,pieces
104,Baby,Fragrance,g
38,Music,Emulsifier,pieces
84,Stock,Color Pigment,mg
69,Same,Preservative,pieces
138,Music,Preservative,l
25,Officer,Fragrance,l
107,Baby,Essential Oil,l
83,Nation,Color Pigment,oz
110,Wish,Emulsifier,l
116,Above,Essential Oil,l
39,Nation,Preservative,g
173,Word,Color Pigment,pieces
83,Music,Color Pigment,pieces
12,Baby,Fragrance,pieces
35,Same,Emulsifier,g
43,Positive,Preservative,oz
121,Wish,Preservative,g
117,Baby,Color Pigment,g
162,Wish,Essential Oil,l
17,Degree,Essential Oil,kg
75,Word,Color Pigment,mg
19,Conference,Preservative,oz
199,Officer,Emulsifier,oz
70,Nation,Color Pigment,ml
141,Beautiful,Preservative,l
107,Beautiful,Preservative,mg
59,Officer,Fragrance,l
111,Drive,Essential Oil,kg
119,Beautiful,Fragrance,ml
1,Late,Color Pigment,pieces
127,Officer,Emulsifier,ml
9,Beautiful,Preservative,mg
136,Baby,Color Pigment,ml
81,Music,Color Pigment,g
70,Late,Emulsifier,oz
193,Officer,Emulsifier,kg
142,Late,Essential Oil,l
112,Nation,Emulsifier,kg
174,Positive,Fragrance,oz
45,Late,Preservative,ml
27,Conference,Fragrance,l
50,Late,Color Pigment,kg
77,Wish,Essential Oil,ml
43,Stock,Preservative,ml
72,Positive,Emulsifier,mg
40,Section,Fragrance,kg
57,Positive,Preservative,l
113,Same,Preservative,pieces
153,Same,Emulsifier,mg
78,Late,Essential Oil,g
132,Positive,Emulsifier,ml
135,Late,Emulsifier,ml
1,Stock,Essential Oil,pieces
90,Wish,Essential Oil,kg
67,Conference,Fragrance,mg
91,Stock,Fragrance,ml
198,Stock,Fragrance,mg
45,Officer,Fragrance,mg
177,Stock,Preservative,l
67,Above,Fragrance,mg
15,Above,Color Pigment,ml
48,Late,Color Pigment,g
169,Degree,Essential Oil,mg
23,Word,Emulsifier,ml
165,Music,Essential Oil,g
173,Wish,Essential Oil,oz
17,Late,Essential Oil,kg
116,Baby,Color Pigment,kg
21,Wish,Preservative,pieces
71,Officer,Preservative,g
29,Conference,Fragrance,ml
21,Conference,Essential Oil,mg
14,Wish,Preservative,pieces
118,Conference,Color Pigment,g
124,Above,Emulsifier,ml
3,Beautiful,Preservative,pieces
154,Same,Fragrance,oz
144,Stock,Essential Oil,ml
163,Same,Emulsifier,ml
57,Wish,Emulsifier,pieces
159,Wish,Essential Oil,g
137,Beautiful,Fragrance,pieces
172,Conference,Emulsifier,pieces
110,Music,Emulsifier,pieces
76,Officer,Color Pigment,kg
183,Officer,Essential Oil,ml
191,Nation,Fragrance,kg
7,Late,Emulsifier,ml
42,Wish,Fragrance,ml
144,Positive,Fragrance,ml
137,Positive,Preservative,oz
149,Nation,Preservative,g
194,Word,Preservative,oz
136,Nation,Emulsifier,mg
181,Stock,Emulsifier,l
138,Baby,Essential Oil,oz
114,Baby,Color Pigment,kg
182,Wish,Fragrance,kg
125,Word,Fragrance,g
170,Wish,Essential Oil,mg
36,Degree,Essential Oil,kg
149,Degree,Essential Oil,oz
161,Degree,Preservative,pieces
29,Section,Preservative,g
142,Officer,Color Pigment,oz
200,Baby,Preservative,oz
7,Stock,Essential Oil,pieces
187,Section,Color Pigment,l
157,Section,Essential Oil,oz
20,Nation,Emulsifier,g
131,Wish,Color Pigment,ml
40,Nation,Essential Oil,kg
12,Word,Color Pigment,kg
96,Music,Emulsifier,g
191,Word,Color Pigment,g
142,Wish,Preservative,mg
166,Degree,Emulsifier,ml
104,Officer,Color Pigment,g
186,Above,Color Pigment,ml
136,Degree,Color Pigment,oz
102,Baby,Preservative,g
152,Drive,Preservative,mg
168,Degree,Preservative,l
129,Above,Color Pigment,oz
9,Add,Fragrance,ml
169,Baby,Preservative,ml
101,Nation,Preservative,oz
93,Wish,Preservative,kg
13,Drive,Color Pigment,g
132,Same,Color Pigment,l
46,Conference,Essential Oil,kg
44,Positive,Preservative,pieces
128,Same,Fragrance,oz
34,Above,Color Pigment,g
164,Late,Emulsifier,pieces
33,Late,Color Pigment,l
166,Beautiful,Preservative,mg
81,Late,Color Pigment,l
51,Conference,Essential Oil,mg
130,Music,Essential Oil,oz
33,Positive,Fragrance,l
191,Beautiful,Preservative,g
18,Conference,Fragrance,mg
177,Positive,Essential Oil,mg
37,Add,Essential Oil,ml
164,Officer,Preservative,l
79,Same,Color Pigment,pieces
16,Same,Essential Oil,oz
12,Above,Emulsifier,kg
40,Conference,Preservative,l
19,Section,Color Pigment,oz
92,Officer,Preservative,oz
121,Same,Preservative,mg
85,Music,Preservative,ml
10,Stock,Emulsifier,ml
15,Wish,Fragrance,pieces
66,Wish,Color Pigment,oz
115,Music,Emulsifier,g
3,Add,Color Pigment,ml
169,Above,Emulsifier,pieces
131,Degree,Color Pigment,pieces
197,Drive,Emulsifier,l
102,Section,Essential Oil,pieces
73,Officer,Essential Oil,kg
168,Add,Color Pigment,pieces
174,Conference,Color Pigment,ml
31,Beautiful,Essential Oil,mg
73,Section,Fragrance,kg
130,Drive,Fragrance,ml
147,Late,Fragrance,ml
146,Officer,Emulsifier,oz
38,Word,Fragrance,ml
53,Conference,Fragrance,pieces
23,Nation,Preservative,ml
1,Add,Essential Oil,ml
37,Nation,Preservative,oz
117,Section,Preservative,ml
78,Conference,Emulsifier,ml
99,Word,Color Pigment,pieces
123,Add,Emulsifier,g
62,Add,Essential Oil,oz
53,Music,Essential Oil,pieces
135,Conference,Color Pigment,oz
148,Baby,Essential Oil,oz
61,Same,Essential Oil,g
102,Degree,Fragrance,ml
18,Positive,Color Pigment,l
1,Conference,Preservative,g
155,Beautiful,Color Pigment,l
18,Section,Color Pigment,l
29,Positive,Essential Oil,l
105,Late,Color Pigment,oz
64,Degree,Color Pigment,g
167,Add,Color Pigment,pieces
138,Officer,Essential Oil,g
40,Beautiful,Color Pigment,kg
158,Section,Essential Oil,g
21,Word,Fragrance,kg
85,Stock,Fragrance,oz
119,Positive,Emulsifier,pieces
138,Drive,Color Pigment,pieces
185,Conference,Essential Oil,pieces
124,Same,Color Pigment,kg
36,Word,Fragrance,l
164,Conference,Emulsifier,ml
177,Nation,Color Pigment,l
146,Positive,Essential Oil,g
24,Conference,Essential Oil,kg
44,Same,Emulsifier,pieces
189,Positive,Emulsifier,l
194,Stock,Color Pigment,pieces
109,Section,Fragrance,kg
176,Degree,Color Pigment,oz
138,Add,Fragrance,l
163,Word,Emulsifier,oz
190,Beautiful,Emulsifier,pieces
133,Drive,Emulsifier,mg
149,Beautiful,Color Pigment,l
138,Wish,Fragrance,pieces
53,Same,Essential Oil,oz
144,Above,Emulsifier,oz
39,Beautiful,Essential Oil,ml
23,Same,Essential Oil,pieces
79,Nation,Fragrance,pieces
77,Beautiful,Emulsifier,l
192,Same,Preservative,l
6,Degree,Essential Oil,mg
96,Section,Essential Oil,l
16,Nation,Color Pigment,pieces
92,Nation,Emulsifier,l
25,Stock,Color Pigment,g
13,Beautiful,Emulsifier,pieces
112,Officer,Preservative,g
96,Baby,Fragrance,kg
158,Above,Essential Oil,mg
22,Music,Essential Oil,ml
158,Same,Color Pigment,pieces
141,Conference,Emulsifier,oz
39,Stock,Emulsifier,g
83,Degree,Color Pigment,pieces
11,Beautiful,Preservative,kg
133,Conference,Color Pigment,g
108,Late,Preservative,pieces
199,Stock,Preservative,kg
153,Add,Emulsifier,oz
110,Above,Color Pigment,l
193,Degree,Color Pigment,mg
178,Baby,Essential Oil,oz
129,Late,Fragrance,pieces
105,Music,Color Pigment,l
71,Drive,Preservative,l
171,Music,Color Pigment,g
124,Music,Essential Oil,pieces
59,Same,Essential Oil,mg
163,Baby,Preservative,mg
52,Above,Fragrance,g
147,Add,Essential Oil,pieces
147,Beautiful,Preservative,g
157,Conference,Color Pigment,oz
159,Music,Emulsifier,g
103,Baby,Fragrance,ml
154,Drive,Emulsifier,pieces
151,Officer,Preservative,pieces
150,Add,Emulsifier,pieces
104,Degree,Essential Oil,l
61,Wish,Essential Oil,pieces
37,Drive,Fragrance,kg
125,Wish,Color Pigment,pieces
5,Wish,Color Pigment,pieces
81,Beautiful,Preservative,pieces
192,Wish,Color Pigment,kg
195,Late,Essential Oil,ml
183,Beautiful,Emulsifier,pieces
13,Music,Preservative,pieces
67,Word,Color Pigment,l
134,Nation,Preservative,l
15,Conference,Emulsifier,kg
80,Nation,Preservative,mg
91,Degree,Color Pigment,kg
139,Nation,Essential Oil,l
106,Stock,Emulsifier,pieces
53,Drive,Preservative,kg
169,Stock,Color Pigment,ml
169,Word,Preservative,ml
107,Music,Color Pigment,pieces
164,Stock,Fragrance,pieces
84,Same,Fragrance,g
120,Conference,Emulsifier,ml
151,Drive,Preservative,pieces
14,Positive,Color Pigment,mg
190,Officer,Emulsifier,g
7,Wish,Fragrance,mg
51,Beautiful,Color Pigment,oz
48,Beautiful,Essential Oil,mg
136,Positive,Emulsifier,g
51,Section,Color Pigment,l
15,Add,Fragrance,g
185,Officer,Emulsifier,l
175,Section,Color Pigment,pieces
62,Word,Preservative,oz
106,Positive,Essential Oil,pieces
90,Degree,Preservative,kg
132,Wish,Preservative,oz
55,Nation,Essential Oil,pieces
69,Nation,Emulsifier,mg
119,Officer,Essential Oil,mg
176,Conference,Emulsifier,kg
86,Late,Emulsifier,l
46,Wish,Emulsifier,mg
186,Baby,Emulsifier,g
73,Late,Preservative,mg
127,Stock,Emulsifier,pieces
129,Word,Preservative,pieces
29,Baby,Preservative,kg
49,Word,Color Pigment,l
125,Above,Essential Oil,g
168,Baby,Color Pigment,oz
109,Degree,Essential Oil,oz
10,Beautiful,Color Pigment,oz
157,Baby,Fragrance,ml
82,Stock,Color Pigment,mg
5,Conference,Color Pigment,g
41,Beautiful,Essential Oil,kg
44,Beautiful,Fragrance,kg
50,Same,Fragrance,oz
176,Officer,Essential Oil,ml
199,Nation,Emulsifier,pieces
165,Positive,Emulsifier,mg
137,Nation,Preservative,kg
41,Late,Essential Oil,l
78,Drive,Essential Oil,kg
28,Stock,Fragrance,g
102,Officer,Emulsifier,ml
64,Word,Color Pigment,oz
104,Beautiful,Preservative,g
20,Conference,Preservative,pieces
92,Add,Color Pigment,l
168,Music,Preservative,kg
103,Positive,Fragrance,ml
75,Music,Essential Oil,oz
172,Positive,Essential Oil,oz
106,Officer,Fragrance,oz
5,Same,Emulsifier,oz
128,Nation,Essential Oil,g
108,Officer,Fragrance,l
112,Wish,Essential Oil,g
135,Same,Preservative,pieces
134,Above,Essential Oil,l
124,Baby,Essential Oil,mg
125,Late,Preservative,mg
94,Word,Essential Oil,ml
194,Music,Emulsifier,ml
187,Above,Fragrance,pieces
52,Baby,Emulsifier,pieces
121,Baby,Preservative,g
117,Nation,Essential Oil,oz
184,Nation,Essential Oil,ml
64,Nation,Preservative,l
156,Degree,Color Pigment,mg
32,Late,Preservative,ml
71,Above,Preservative,ml
87,Stock,Color Pigment,l
98,Officer,Color Pigment,ml
137,Conference,Color Pigment,ml
54,Music,Color Pigment,l
129,Same,Fragrance,l
140,Positive,Emulsifier,kg
31,Late,Preservative,ml
11,Music,Emulsifier,mg
76,Nation,Fragrance,mg
96,Word,Emulsifier,oz
188,Section,Emulsifier,l
164,Music,Preservative,kg
25,Drive,Essential Oil,pieces
107,Nation,Fragrance,ml
168,Word,Emulsifier,pieces
65,Late,Emulsifier,kg
88,Wish,Preservative,kg
198,Late,Essential Oil,kg
137,Above,Emulsifier,g
7,Beautiful,Color Pigment,l
187,Stock,Color Pigment,g
22,Drive,Fragrance,g
16,Drive,Fragrance,kg
59,Nation,Fragrance,pieces
76,Baby,Emulsifier,l
51,Degree,Fragrance,mg
196,Officer,Fragrance,mg
91,Positive,Color Pigment,g
60,Stock,Fragrance,kg
133,Add,Preservative,oz
9,Wish,Fragrance,oz
31,Same,Essential Oil,g
141,Section,Essential Oil,g
171,Stock,Preservative,oz
148,Music,Emulsifier,l
199,Word,Preservative,mg
48,Drive,Color Pigment,pieces
191,Stock,Preservative,mg
105,Drive,Emulsifier,l
179,Officer,Color Pigment,ml
88,Same,Essential Oil,g
79,Wish,Preservative,g
21,Beautiful,Emulsifier,mg
181,Baby,Color Pigment,pieces
125,Positive,Fragrance,kg
27,Section,Fragrance,kg
127,Baby,Emulsifier,pieces
53,Word,Color Pigment,mg
53,Above,Color Pigment,kg
194,Positive,Preservative,l
79,Baby,Essential Oil,l
50,Positive,Preservative,g
6,Add,Fragrance,oz
149,Stock,Essential Oil,oz
56,Beautiful,Color Pigment,kg
177,Beautiful,Color Pigment,pieces
168,Section,Preservative,g
124,Stock,Fragrance,ml
41,Wish,Preservative,g
165,Beautiful,Color Pigment,oz
70,Stock,Essential Oil,ml
72,Section,Color Pigment,kg
12,Music,Color Pigment,oz
87,Nation,Color Pigment,mg
24,Stock,Color Pigment,pieces
69,Add,Essential Oil,pieces
113,Beautiful,Essential Oil,pieces
146,Music,Fragrance,ml
108,Music,Preservative,l
181,Wish,Fragrance,l
82,Nation,Fragrance,mg
19,Music,Emulsifier,oz
89,Positive,Emulsifier,oz
105,Baby,Essential Oil,g
3,Music,Emulsifier,l
158,Add,Color Pigment,ml
188,Drive,Emulsifier,ml
60,Wish,Essential Oil,kg
60,Music,Essential Oil,ml
9,Degree,Essential Oil,kg
138,Nation,Color Pigment,g
187,Conference,Fragrance,g
118,Drive,Preservative,oz
68,Officer,Essential Oil,l
80,Same,Preservative,oz
170,Section,Preservative,mg
66,Beautiful,Fragrance,pieces
108,Same,Emulsifier,l
35,Word,Essential Oil,kg
181,Beautiful,Fragrance,mg
52,Music,Emulsifier,kg
18,Nation,Color Pigment,pieces
60,Late,Emulsifier,l
180,Late,Fragrance,oz
55,Word,Color Pigment,kg
24,Music,Preservative,ml
168,Same,Essential Oil,l
147,Wish,Fragrance,oz
14,Beautiful,Essential Oil,oz
190,Wish,Color Pigment,ml
36,Beautiful,Emulsifier,kg
50,Nation,Fragrance,l
26,Add,Emulsifier,ml
2,Positive,Color Pigment,l
14,Music,Fragrance,mg
99,Baby,Essential Oil,l
29,Stock,Essential Oil,mg
7,Add,Essential Oil,pieces
189,Music,Preservative,g
27,Above,Essential Oil,l
71,Beautiful,Essential Oil,l
95,Conference,Preservative,kg
82,Drive,Preservative,g
182,Stock,Color Pigment,g
75,Baby,Preservative,l
46,Above,Essential Oil,oz
4,Beautiful,Fragrance,mg
85,Conference,Emulsifier,pieces
81,Same,Preservative,l
195,Positive,Essential Oil,kg
161,Positive,Fragrance,ml
7,Degree,Essential Oil,kg
118,Music,Fragrance,mg
187,Wish,Color Pigment,oz
106,Wish,Essential Oil,mg
173,Conference,Essential Oil,kg
128,Beautiful,Essential Oil,kg
46,Word,Emulsifier,pieces
58,Beautiful,Fragrance,kg
29,Degree,Emulsifier,mg
68,Beautiful,Emulsifier,l
15,Drive,Essential Oil,g
85,Section,Emulsifier,pieces
185,Nation,Emulsifier,g
39,Above,Color Pigment,oz
109,Nation,Color Pigment,l
96,Above,Emulsifier,l
122,Baby,Preservative,g
46,Drive,Color Pigment,g
17,Stock,Color Pigment,pieces
34,Baby,Color Pigment,mg
43,Add,Color Pigment,ml
63,Section,Essential Oil,l
150,Beautiful,Fragrance,oz
35,Officer,Preservative,g
64,Stock,Color Pigment,pieces
109,Add,Emulsifier,l
143,Add,Fragrance,oz
136,Wish,Emulsifier,kg
159,Same,Preservative,g
199,Add,Emulsifier,g
103,Beautiful,Preservative,l
8,Nation,Essential Oil,kg
78,Add,Emulsifier,g
198,Nation,Fragrance,kg
7,Same,Preservative,pieces
131,Music,Preservative,kg
4,Word,Emulsifier,ml
120,Music,Color Pigment,ml
82,Degree,Color Pigment,mg
90,Conference,Preservative,mg
22,Same,Fragrance,mg
187,Officer,Emulsifier,mg
198,Baby,Fragrance,ml
186,Same,Essential Oil,g
151,Word,Color Pigment,g
74,Music,Essential Oil,mg
75,Conference,Emulsifier,oz
133,Stock,Essential Oil,l
51,Drive,Fragrance,oz
42,Beautiful,Emulsifier,kg
61,Officer,Preservative,oz
148,Drive,Color Pigment,pieces
163,Add,Essential Oil,ml
80,Add,Color Pigment,pieces
62,Same,Color Pigment,mg
30,Section,Essential Oil,l
21,Degree,Essential Oil,oz
50,Word,Emulsifier,ml
131,Same,Emulsifier,oz
91,Above,Fragrance,pieces
57,Nation,Fragrance,ml
188,Positive,Emulsifier,oz
127,Degree,Essential Oil,g
54,Late,Color Pigment,g
52,Wish,Fragrance,g
144,Wish,Color Pigment,oz
105,Officer,Color Pigment,kg
68,Above,Preservative,pieces
57,Add,Color Pigment,g
200,Above,Essential Oil,oz
161,Beautiful,Emulsifier,oz
58,Conference,Preservative,kg
136,Stock,Fragrance,mg
80,Officer,Color Pigment,g
27,Same,Fragrance,kg
21,Stock,Essential Oil,kg
101,Late,Preservative,mg
76,Above,Essential Oil,g
180,Drive,Essential Oil,l
93,Positive,Color Pigment,oz
60,Beautiful,Color Pigment,oz
199,Music,Fragrance,mg
190,Above,Preservative,ml
70,Beautiful,Color Pigment,kg
194,Section,Emulsifier,l
200,Late,Fragrance,oz
121,Positive,Color Pigment,oz
100,Music,Emulsifier,pieces
200,Beautiful,Emulsifier,mg
149,Late,Color Pigment,ml
116,Drive,Emulsifier,pieces
146,Beautiful,Emulsifier,kg
75,Add,Essential Oil,kg
138,Beautiful,Essential Oil,l
133,Officer,Essential Oil,oz
14,Above,Color Pigment,l
128,Above,Emulsifier,kg
162,Baby,Preservative,oz
67,Wish,Color Pigment,kg
93,Nation,Essential Oil,g
192,Drive,Color Pigment,ml
133,Late,Emulsifier,ml
87,Late,Preservative,ml
100,Drive,Color Pigment,kg
155,Degree,Preservative,l
83,Late,Emulsifier,pieces
98,Word,Emulsifier,g
200,Nation,Emulsifier,kg
115,Stock,Essential Oil,mg
187,Late,Emulsifier,oz
45,Section,Fragrance,l
198,Wish,Fragrance,mg
123,Same,Essential Oil,oz
117,Add,Color Pigment,mg
150,Stock,Fragrance,oz
102,Add,Essential Oil,kg
15,Degree,Color Pigment,kg
136,Officer,Fragrance,mg
144,Add,Essential Oil,mg
6,Drive,Color Pigment,l
19,Late,Essential Oil,ml
157,Same,Fragrance,l
41,Music,Essential Oil,mg
93,Degree,Essential Oil,pieces
129,Wish,Preservative,kg
121,Beautiful,Emulsifier,g
186,Positive,Essential Oil,ml
6,Same,Fragrance,l
51,Music,Fragrance,mg
143,Word,Essential Oil,oz
17,Add,Emulsifier,kg
197,Degree,Essential Oil,mg
55,Degree,Emulsifier,kg
55,Conference,Emulsifier,pieces
87,Music,Fragrance,oz
65,Section,Preservative,kg
144,Degree,Color Pigment,g
105,Add,Color Pigment,mg
156,Add,Color Pigment,l
47,Beautiful,Fragrance,ml
88,Conference,Emulsifier,ml
35,Baby,Emulsifier,mg
171,Positive,Color Pigment,kg
198,Word,Emulsifier,kg
14,Add,Preservative,l
160,Word,Fragrance,ml
124,Positive,Color Pigment,pieces
59,Beautiful,Color Pigment,pieces
188,Add,Emulsifier,l
192,Baby,Essential Oil,pieces
103,Degree,Emulsifier,g
24,Same,Preservative,kg
106,Add,Emulsifier,oz
136,Word,Essential Oil,g
4,Conference,Preservative,l
83,Stock,Preservative,l
77,Late,Color Pigment,mg
140,Officer,Emulsifier,ml
56,Positive,Fragrance,oz
155,Drive,Emulsifier,oz
5,Above,Fragrance,pieces
25,Same,Emulsifier,pieces
24,Word,Preservative,kg
28,Late,Emulsifier,pieces
97,Nation,Essential Oil,ml
168,Above,Emulsifier,pieces
42,Music,Preservative,oz
108,Drive,Preservative,l
54,Above,Color Pigment,l
8,Add,Emulsifier,pieces
152,Baby,Color Pigment,pieces
49,Baby,Fragrance,l
20,Officer,Color Pigment,mg
17,Officer,Emulsifier,mg
84,Officer,Emulsifier,ml
107,Degree,Essential Oil,pieces
88,Music,Essential Oil,mg
90,Positive,Preservative,l
171,Wish,Fragrance,g
74,Officer,Fragrance,ml
178,Positive,Fragrance,kg
114,Music,Preservative,pieces
35,Conference,Emulsifier,kg
127,Music,Emulsifier,g
100,Late,Essential Oil,l
194,Late,Color Pigment,l
75,Positive,Preservative,oz
43,Word,Emulsifier,kg
199,Late,Fragrance,kg
73,Music,Essential Oil,ml
88,Above,Essential Oil,mg
94,Baby,Preservative,oz
45,Beautiful,Preservative,mg
123,Baby,Essential Oil,pieces
196,Positive,Fragrance,g
103,Wish,Emulsifier,pieces
28,Conference,Preservative,kg
166,Word,Essential Oil,mg
164,Drive,Emulsifier,ml
182,Drive,Preservative,ml
170,Music,Fragrance,mg
196,Same,Color Pigment,l
59,Add,Essential Oil,oz
2,Above,Essential Oil,kg
179,Drive,Emulsifier,pieces
48,Word,Emulsifier,l
129,Music,Emulsifier,pieces
108,Word,Emulsifier,g
63,Baby,Emulsifier,pieces
66,Same,Essential Oil,pieces
97,Word,Essential Oil,kg
8,Stock,Emulsifier,pieces
134,Music,Emulsifier,g
79,Conference,Fragrance,l
42,Section,Preservative,pieces
47,Stock,Essential Oil,l
169,Add,Preservative,pieces
195,Same,Essential Oil,kg
190,Degree,Preservative,mg
63,Add,Fragrance,oz
27,Music,Essential Oil,pieces
198,Drive,Fragrance,pieces
111,Add,Color Pigment,mg
131,Stock,Color Pigment,kg
158,Music,Fragrance,ml
131,Beautiful,Color Pigment,g
109,Music,Fragrance,l
189,Add,Emulsifier,mg
196,Drive,Color Pigment,g
190,Word,Color Pigment,ml
55,Drive,Emulsifier,kg
113,Section,Fragrance,g
197,Above,Color Pigment,ml
180,Add,Preservative,kg
98,Section,Color Pigment,ml
136,Drive,Fragrance,kg
130,Same,Essential Oil,l
43,Above,Emulsifier,g
187,Beautiful,Emulsifier,kg
48,Section,Fragrance,oz
31,Conference,Essential Oil,oz
33,Music,Emulsifier,l
63,Positive,Color Pigment,g
149,Add,Fragrance,kg
40,Officer,Fragrance,g
99,Drive,Fragrance,ml
173,Officer,Emulsifier,ml
49,Same,Color Pigment,kg
37,Section,Emulsifier,l
75,Beautiful,Essential Oil,l
199,Section,Essential Oil,mg
184,Positive,Color Pigment,mg
176,Word,Emulsifier,pieces
26,Above,Essential Oil,ml
180,Officer,Emulsifier,pieces
65,Word,Emulsifier,kg
34,Music,Color Pigment,l
166,Music,Color Pigment,mg
100,Same,Color Pigment,mg
80,Above,Fragrance,mg
30,Nation,Preservative,pieces
142,Positive,Preservative,l
33,Word,Preservative,pieces
160,Section,Emulsifier,pieces
2,Add,Emulsifier,l
132,Above,Fragrance,l
22,Baby,Essential Oil,mg
157,Music,Essential Oil,ml
141,Music,Color Pigment,l
65,Stock,Emulsifier,mg
101,Section,Color Pigment,g
99,Conference,Emulsifier,l
135,Positive,Fragrance,oz
97,Conference,Fragrance,g
17,Word,Essential Oil,ml
24,Beautiful,Color Pigment,mg
155,Stock,Color Pigment,kg
163,Late,Essential Oil,l
50,Music,Color Pigment,kg
183,Word,Preservative,ml
170,Positive,Preservative,kg
122,Wish,Preservative,mg
126,Nation,Essential Oil,oz
77,Stock,Preservative,oz
55,Positive,Preservative,pieces
23,Positive,Emulsifier,mg
175,Add,Fragrance,mg
186,Music,Essential Oil,g
88,Section,Color Pigment,mg
70,Above,Color Pigment,kg
57,Late,Essential Oil,oz
9,Baby,Preservative,pieces
181,Officer,Color Pigment,mg
53,Nation,Preservative,mg
154,Wish,Emulsifier,l
159,Beautiful,Essential Oil,l
21,Baby,Preservative,l
109,Drive,Essential Oil,l
22,Conference,Essential Oil,mg
135,Above,Emulsifier,g
114,Wish,Color Pigment,pieces
25,Beautiful,Color Pigment,g
121,Word,Emulsifier,g
84,Late,Color Pigment,kg
79,Section,Color Pigment,g
178,Same,Fragrance,kg
116,Stock,Essential Oil,g
199,Same,Color Pigment,mg
73,Add,Essential Oil,pieces
27,Late,Preservative,kg
29,Nation,Essential Oil,g
112,Late,Emulsifier,pieces
165,Add,Preservative,l
142,Music,Color Pigment,g
148,Above,Essential Oil,kg
158,Late,Preservative,kg
152,Degree,Preservative,l
26,Baby,Color Pigment,l
76,Stock,Fragrance,mg
122,Positive,Preservative,pieces
194,Degree,Color Pigment,kg
81,Baby,Preservative,g
123,Late,Essential Oil,kg
119,Section,Emulsifier,oz
33,Same,Preservative,oz
11,Degree,Fragrance,g
166,Baby,Fragrance,ml
153,Section,Fragrance,oz
2,Nation,Preservative,pieces
42,Positive,Color Pigment,g
14,Drive,Color Pigment,pieces
28,Music,Preservative,ml
115,Wish,Fragrance,ml
45,Stock,Essential Oil,l
88,Nation,Preservative,g
137,Drive,Preservative,mg
127,Add,Essential Oil,l
26,Drive,Preservative,ml
155,Baby,Preservative,ml
182,Nation,Preservative,kg
166,Section,Color Pigment,g
84,Positive,Emulsifier,ml
4,Late,Preservative,oz
29,Wish,Preservative,ml
9,Officer,Color Pigment,ml
123,Beautiful,Preservative,l
118,Above,Preservative,g
172,Degree,Emulsifier,ml
11,Same,Fragrance,ml
85,Word,Essential Oil,oz
148,Late,Emulsifier,pieces
111,Baby,Essential Oil,pieces
186,Beautiful,Essential Oil,mg
193,Above,Color Pigment,pieces
165,Word,Emulsifier,pieces
25,Degree,Color Pigment,ml
156,Drive,Essential Oil,g
81,Degree,Fragrance,ml
54,Word,Emulsifier,pieces
141,Same,Preservative,mg
69,Officer,Preservative,kg
7,Nation,Preservative,pieces
116,Same,Preservative,g
41,Drive,Preservative,ml
104,Wish,Color Pigment,oz
119,Late,Preservative,ml
29,Beautiful,Preservative,g
29,Above,Color Pigment,kg
72,Late,Emulsifier,kg
99,Officer,Fragrance,l
137,Baby,Essential Oil,ml
119,Stock,Fragrance,pieces
1,Nation,Color Pigment,pieces
79,Add,Fragrance,l
150,Section,Emulsifier,ml
75,Above,Preservative,oz
74,Word,Color Pigment,pieces
175,Late,Color Pigment,l
56,Section,Preservative,g
171,Word,Emulsifier,mg
10,Late,Fragrance,mg
119,Degree,Preservative,kg
122,Nation,Emulsifier,l
34,Wish,Essential Oil,kg
112,Beautiful,Fragrance,kg
168,Drive,Essential Oil,pieces
8,Word,Preservative,pieces
92,Section,Color Pigment,oz
166,Positive,Color Pigment,ml
80,Wish,Color Pigment,g
192,Section,Color Pigment,g
157,Word,Fragrance,ml
183,Degree,Color Pigment,pieces
76,Late,Emulsifier,oz
33,Officer,Color Pigment,ml
131,Conference,Color Pigment,pieces
121,Drive,Color Pigment,kg
23,Officer,Fragrance,mg
21,Nation,Color Pigment,l
126,Above,Preservative,pieces
105,Wish,Preservative,oz
30,Positive,Fragrance,ml
179,Positive,Preservative,oz
40,Drive,Fragrance,l
56,Music,Color Pigment,ml
118,Section,Fragrance,l
78,Music,Fragrance,pieces
129,Beautiful,Emulsifier,pieces
162,Stock,Essential Oil,ml
193,Section,Essential Oil,kg
175,Word,Emulsifier,kg
117,Music,Emulsifier,g
51,Word,Preservative,oz
43,Late,Color Pigment,kg
183,Add,Emulsifier,mg
71,Add,Color Pigment,mg
110,Section,Essential Oil,l
110,Officer,Color Pigment,oz
20,Degree,Essential Oil,kg
53,Officer,Emulsifier,oz
123,Positive,Emulsifier,kg
120,Officer,Color Pigment,mg
146,Baby,Fragrance,kg
144,Baby,Emulsifier,g
112,Conference,Preservative,oz
92,Conference,Essential Oil,l
116,Positive,Color Pigment,oz
2,Beautiful,Preservative,ml
83,Add,Emulsifier,l
182,Music,Fragrance,mg
87,Positive,Essential Oil,ml
14,Section,Fragrance,pieces
96,Same,Emulsifier,oz
95,Nation,Emulsifier,ml
184,Music,Essential Oil,l
17,Conference,Emulsifier,mg
98,Wish,Emulsifier,l
177,Late,Emulsifier,mg
120,Drive,Fragrance,ml
64,Music,Emulsifier,oz
51,Late,Color Pigment,ml
107,Drive,Essential Oil,pieces
106,Word,Fragrance,kg
118,Nation,Emulsifier,l
162,Beautiful,Preservative,g
48,Music,Emulsifier,oz
28,Officer,Emulsifier,pieces
163,Beautiful,Emulsifier,kg
64,Beautiful,Essential Oil,pieces
46,Nation,Preservative,l
138,Section,Fragrance,mg
54,Degree,Color Pigment,l
68,Degree,Preservative,l
179,Word,Essential Oil,g
119,Drive,Preservative,l
18,Word,Preservative,g
195,Baby,Color Pigment,kg
169,Wish,Color Pigment,pieces
147,Above,Preservative,ml
148,Stock,Color Pigment,mg
55,Same,Preservative,l
165,Officer,Essential Oil,oz
190,Nation,Color Pigment,g
122,Stock,Fragrance,g
94,Drive,Essential Oil,kg
106,Degree,Preservative,l
59,Baby,Essential Oil,l
57,Above,Emulsifier,l
193,Conference,Emulsifier,l
36,Music,Preservative,oz
187,Positive,Emulsifier,mg
81,Section,Essential Oil,mg
34,Same,Essential Oil,mg
158,Beautiful,Fragrance,ml
94,Stock,Color Pigment,kg
120,Degree,Emulsifier,g
175,Positive,Fragrance,g
83,Conference,Preservative,l
6,Nation,Color Pigment,pieces
108,Conference,Preservative,pieces
6,Above,Essential Oil,pieces
90,Stock,Essential Oil,l
90,Beautiful,Essential Oil,pieces
150,Drive,Preservative,pieces
121,Stock,Fragrance,pieces
23,Drive,Preservative,kg
196,Degree,Preservative,pieces
84,Nation,Fragrance,ml
66,Drive,Essential Oil,kg
157,Add,Preservative,pieces
25,Add,Fragrance,kg
83,Officer,Essential Oil,kg
17,Wish,Fragrance,l
172,Wish,Emulsifier,kg
101,Word,Essential Oil,oz
178,Beautiful,Emulsifier,g
135,Officer,Preservative,l
80,Beautiful,Color Pigment,g
154,Beautiful,Fragrance,pieces
176,Wish,Preservative,oz
31,Baby,Fragrance,g
30,Drive,Essential Oil,l
17,Same,Color Pigment,l
130,Late,Fragrance,ml
72,Stock,Preservative,pieces
109,Conference,Preservative,ml
176,Beautiful,Preservative,pieces
48,Officer,Color Pigment,l
148,Wish,Color Pigment,g
76,Music,Essential Oil,l
89,Music,Color Pigment,ml
154,Music,Preservative,oz
56,Baby,Essential Oil,g
151,Beautiful,Fragrance,kg
199,Baby,Preservative,kg
117,Above,Color Pigment,mg
76,Conference,Fragrance,mg
189,Nation,Preservative,oz
174,Wish,Color Pigment,kg
16,Stock,Essential Oil,mg
35,Add,Emulsifier,oz
72,Add,Fragrance,oz
13,Positive,Fragrance,ml
7,Conference,Fragrance,mg
79,Late,Fragrance,ml
136,Above,Essential Oil,kg
56,Stock,Color Pigment,g
192,Nation,Preservative,pieces
187,Degree,Preservative,oz
14,Late,Essential Oil,kg
63,Music,Fragrance,oz
71,Baby,Preservative,kg
134,Wish,Emulsifier,pieces
10,Conference,Fragrance,kg
52,Degree,Emulsifier,kg
30,Officer,Fragrance,ml
182,Beautiful,Fragrance,mg
100,Wish,Emulsifier,pieces
31,Wish,Fragrance,oz
5,Late,Emulsifier,oz
61,Degree,Fragrance,mg
153,Baby,Fragrance,oz
71,Stock,Emulsifier,oz
168,Conference,Emulsifier,g
146,Nation,Essential Oil,ml
58,Section,Fragrance,l
105,Nation,Color Pigment,kg
179,Section,Preservative,l
61,Stock,Preservative,ml
69,Late,Emulsifier,l
186,Officer,Color Pigment,ml
177,Same,Essential Oil,g
81,Add,Essential Oil,g
176,Section,Emulsifier,kg
115,Above,Essential Oil,mg
21,Officer,Emulsifier,g
133,Positive,Emulsifier,l
173,Add,Fragrance,pieces
123,Word,Fragrance,l
114,Same,Emulsifier,l
193,Beautiful,Emulsifier,kg
64,Same,Fragrance,kg
27,Word,Color Pigment,g
82,Music,Fragrance,kg
96,Positive,Color Pigment,kg
142,Conference,Fragrance,l
17,Positive,Preservative,mg
191,Wish,Preservative,oz
174,Beautiful,Fragrance,mg
179,Degree,Color Pigment,kg
55,Beautiful,Emulsifier,kg
81,Nation,Fragrance,g
37,Wish,Preservative,ml
44,Word,Fragrance,l
152,Section,Essential Oil,mg
96,Stock,Essential Oil,l
4,Baby,Color Pigment,oz
161,Baby,Emulsifier,ml
112,Degree,Color Pigment,g
114,Add,Fragrance,mg
61,Add,Color Pigment,ml
16,Wish,Emulsifier,kg
50,Baby,Fragrance,mg
5,Officer,Fragrance,ml
197,Music,Emulsifier,g
180,Nation,Essential Oil,l
85,Beautiful,Essential Oil,l
33,Above,Color Pigment,kg
70,Music,Preservative,mg
126,Beautiful,Essential Oil,l
60,Same,Fragrance,mg
53,Stock,Fragrance,mg
101,Beautiful,Fragrance,kg
86,Beautiful,Preservative,ml
94,Beautiful,Preservative,mg
12,Add,Fragrance,oz
140,Late,Essential Oil,g
119,Conference,Color Pigment,oz
106,Late,Color Pigment,kg
128,Positive,Color Pigment,kg
5,Drive,Fragrance,oz
139,Beautiful,Emulsifier,mg
109,Stock,Preservative,mg
131,Word,Emulsifier,kg
63,Stock,Fragrance,l
178,Late,Preservative,ml
61,Nation,Essential Oil,oz
182,Section,Emulsifier,mg
176,Drive,Preservative,pieces
152,Positive,Emulsifier,l
102,Stock,Fragrance,oz
113,Baby,Emulsifier,ml
185,Late,Fragrance,mg
172,Music,Emulsifier,g
103,Section,Emulsifier,l
7,Music,Color Pigment,kg
161,Add,Essential Oil,mg
102,Drive,Fragrance,ml
149,Positive,Essential Oil,g
160,Stock,Fragrance,kg
172,Baby,Emulsifier,l
150,Baby,Fragrance,pieces
33,Beautiful,Emulsifier,g
120,Same,Color Pigment,pieces
31,Nation,Emulsifier,mg
126,Stock,Essential Oil,g
54,Add,Emulsifier,g
96,Wish,Essential Oil,pieces
33,Add,Essential Oil,pieces
178,Add,Fragrance,mg
76,Word,Fragrance,ml
96,Nation,Color Pigment,ml
43,Baby,Preservative,ml
29,Late,Preservative,ml
17,Above,Preservative,g
143,Drive,Essential Oil,ml
181,Positive,Emulsifier,oz
155,Music,Emulsifier,ml
70,Drive,Preservative,ml
162,Above,Fragrance,g
135,Section,Color Pigment,l
151,Positive,Color Pigment,pieces
11,Late,Preservative,pieces
10,Section,Fragrance,pieces
72,Nation,Fragrance,ml
132,Drive,Emulsifier,l
20,Music,Fragrance,mg
82,Positive,Emulsifier,ml
49,Degree,Preservative,ml
108,Stock,Emulsifier,kg
162,Same,Color Pigment,ml
135,Word,Essential Oil,ml
33,Conference,Preservative,l
51,Positive,Color Pigment,kg
165,Stock,Emulsifier,oz
73,Wish,Emulsifier,oz
52,Conference,Emulsifier,l
47,Same,Color Pigment,l
2,Late,Emulsifier,ml
71,Same,Emulsifier,g
160,Degree,Fragrance,pieces
25,Late,Essential Oil,mg
185,Baby,Emulsifier,l
172,Late,Preservative,g
80,Degree,Color Pigment,l
63,Nation,Fragrance,pieces
124,Word,Preservative,ml
175,Baby,Fragrance,mg
50,Drive,Emulsifier,pieces
77,Degree,Fragrance,l
124,Add,Preservative,pieces
165,Nation,Fragrance,pieces
7,Positive,Fragrance,g
19,Above,Color Pigment,kg
139,Positive,Fragrance,l
71,Degree,Fragrance,mg
90,Above,Preservative,pieces
3,Degree,Essential Oil,l
108,Section,Fragrance,ml
141,Late,Essential Oil,kg
145,Add,Fragrance,pieces
96,Degree,Emulsifier,l
89,Wish,Essential Oil,oz
12,Degree,Emulsifier,oz
98,Add,Emulsifier,l
56,Above,Essential Oil,oz
42,Same,Color Pigment,oz
66,Word,Fragrance,kg
38,Stock,Preservative,oz
118,Add,Fragrance,mg
37,Late,Preservative,g
186,Stock,Color Pigment,oz
181,Section,Emulsifier,kg
125,Same,Color Pigment,g
69,Drive,Essential Oil,l
159,Conference,Color Pigment,kg
28,Above,Color Pigment,l
175,Drive,Emulsifier,l
123,Conference,Preservative,kg
37,Above,Color Pigment,oz
18,Stock,Fragrance,g
168,Positive,Fragrance,ml
173,Same,Preservative,g
36,Drive,Color Pigment,mg
180,Degree,Color Pigment,g
37,Positive,Preservative,oz
5,Nation,Essential Oil,oz
85,Drive,Emulsifier,pieces
63,Degree,Preservative,oz
26,Stock,Preservative,l
198,Conference,Emulsifier,oz
53,Positive,Fragrance,pieces
4,Positive,Fragrance,mg
